id,xmin,ymin,xmax,ymax,label,score,image_name
1,686,295,854,451,Car,0.707925,000000001.jpg
2,289,1039,475,1212,Car,0.67978,000000001.jpg
3,971,677,1192,902,Truck,0.664441,000000001.jpg
4,1294,1222,1497,1408,Car,0.645636,000000002.jpg
5,686,295,854,451,Truck,0.707925,000000002.jpg
6,289,1039,475,1212,Truck,0.67978,000000003.jpg
7,971,677,1192,902,Truck,0.664441,000000003.jpg
8,1294,1222,1497,1408,Van,0.645636,000000003.jpg
